2020-05-14 09:58:11,[192.168.11.2:53],gosuslugi.ru,29,%!s(<nil>)
2020-05-14 09:58:11,[192.168.11.2:53],www.gob.pe,47,%!s(<nil>)
2020-05-14 09:58:11,[192.168.11.2:53],eyny.com,28,%!s(<nil>)
2020-05-14 09:58:11,[192.168.11.2:53],dropbox.com,26,%!s(<nil>)
2020-05-14 09:58:11,[192.168.11.2:53],gosuslugi.ru,1,%!s(<nil>)
2020-05-14 09:58:11,[192.168.11.2:53],jstor.org,106,%!s(<nil>)
2020-05-14 09:58:11,[192.168.11.2:53],google.com.ua,27,%!s(<nil>)
2020-05-14 09:58:11,[192.168.11.2:53],figma.com,29,%!s(<nil>)
2020-05-14 09:58:11,[192.168.11.2:53],uptodown.com,26,%!s(<nil>)
2020-05-14 09:58:11,[192.168.11.2:53],edupage.org,43,%!s(<nil>)
2020-05-14 09:58:11,[192.168.11.2:53],eba.gov.tr,27,%!s(<nil>)
2020-05-14 09:58:11,[192.168.11.2:53],cdc.gov,113,%!s(<nil>)
2020-05-14 09:58:11,[192.168.11.2:53],bukalapak.com,29,%!s(<nil>)
2020-05-14 09:58:11,[192.168.11.2:53],rottentomatoes.com,32,%!s(<nil>)
2020-05-14 09:58:11,[192.168.11.2:53],superuser.com,1,%!s(<nil>)
2020-05-14 09:58:11,[192.168.11.2:53],clever.com,30,%!s(<nil>)
2020-05-14 09:58:11,[192.168.11.2:53],diariolibre.com,25,%!s(<nil>)
2020-05-14 09:58:11,[192.168.11.2:53],viewlnk.com,27,%!s(<nil>)
2020-05-14 09:58:11,[192.168.11.2:53],managebac.com,29,%!s(<nil>)
2020-05-14 09:58:12,[192.168.11.2:53],subscene.com,33,%!s(<nil>)
2020-05-14 09:58:12,[192.168.11.2:53],youporn.com,30,%!s(<nil>)
2020-05-14 09:58:12,[192.168.11.2:53],ucoz.ru,87,%!s(<nil>)
2020-05-14 09:58:12,[192.168.11.2:53],virtual.edu.az,143,%!s(<nil>)
2020-05-14 09:58:12,[192.168.11.2:53],hulu.com,27,%!s(<nil>)
2020-05-14 09:58:12,[192.168.11.2:53],adobe.com,31,%!s(<nil>)
2020-05-14 09:58:12,[192.168.11.2:53],willhaben.at,29,%!s(<nil>)
2020-05-14 09:58:12,[192.168.11.2:53],itpatratr.com,26,%!s(<nil>)
2020-05-14 09:58:12,[192.168.11.2:53],viva.co.id,165,%!s(<nil>)
2020-05-14 09:58:12,[192.168.11.2:53],macys.com,30,%!s(<nil>)
2020-05-14 09:58:12,[192.168.11.2:53],videouroki.net,28,%!s(<nil>)
2020-05-14 09:58:12,[192.168.11.2:53],google.co.ma,39,%!s(<nil>)
2020-05-14 09:58:12,[192.168.11.2:53],1337x.to,27,%!s(<nil>)
2020-05-14 09:58:12,[192.168.11.2:53],sarkariresult.com,30,%!s(<nil>)
2020-05-14 09:58:12,[192.168.11.2:53],pandora.com,101,%!s(<nil>)
2020-05-14 09:58:12,[192.168.11.2:53],gazzettadelsud.it,26,%!s(<nil>)
2020-05-14 09:58:12,[192.168.11.2:53],kakao.com,270,%!s(<nil>)
2020-05-14 09:58:13,[192.168.11.2:53],pnc.com,26,%!s(<nil>)
2020-05-14 09:58:13,[192.168.11.2:53],nicsorts-accarade.com,26,%!s(<nil>)
2020-05-14 09:58:13,[192.168.11.2:53],thoughtco.com,27,%!s(<nil>)
2020-05-14 09:58:13,[192.168.11.2:53],abc.es,25,%!s(<nil>)
2020-05-14 09:58:13,[192.168.11.2:53],akamaized.net,38,%!s(<nil>)
2020-05-14 09:58:13,[192.168.11.2:53],funwarcab.club,28,%!s(<nil>)
2020-05-14 09:58:13,[192.168.11.2:53],laposte.fr,51,%!s(<nil>)
2020-05-14 09:58:13,[192.168.11.2:53],mgid.com,26,%!s(<nil>)
2020-05-14 09:58:13,[192.168.11.2:53],dagospia.com,56,%!s(<nil>)
2020-05-14 09:58:13,[192.168.11.2:53],theguardian.com,29,%!s(<nil>)
2020-05-14 09:58:13,[192.168.11.2:53],imdb.com,27,%!s(<nil>)
2020-05-14 09:58:13,[192.168.11.2:53],hepsiburada.com,28,%!s(<nil>)
2020-05-14 09:58:13,[192.168.11.2:53],google.co.uk,27,%!s(<nil>)
2020-05-14 09:58:13,[192.168.11.2:53],tiki.vn,37,%!s(<nil>)
2020-05-14 09:58:13,[192.168.11.2:53],bihar.gov.in,352,%!s(<nil>)
2020-05-14 09:58:13,[192.168.11.2:53],popmama.com,62,%!s(<nil>)
2020-05-14 09:58:14,[192.168.11.2:53],usbank.com,29,%!s(<nil>)
2020-05-14 09:58:14,[192.168.11.2:53],smallpdf.com,29,%!s(<nil>)
2020-05-14 09:58:14,[192.168.11.2:53],addtoany.com,28,%!s(<nil>)
2020-05-14 09:58:14,[192.168.11.2:53],nseindia.com,28,%!s(<nil>)
2020-05-14 09:58:14,[192.168.11.2:53],viva.co.id,1,%!s(<nil>)
2020-05-14 09:58:14,[192.168.11.2:53],hindustantimes.com,29,%!s(<nil>)
2020-05-14 09:58:14,[192.168.11.2:53],kemdikbud.go.id,395,%!s(<nil>)
2020-05-14 09:58:14,[192.168.11.2:53],worldoftanks.eu,25,%!s(<nil>)
2020-05-14 09:58:14,[192.168.11.2:53],google.co.ve,35,%!s(<nil>)
2020-05-14 09:58:14,[192.168.11.2:53],britannica.com,25,%!s(<nil>)
2020-05-14 09:58:14,[192.168.11.2:53],lifo.gr,106,%!s(<nil>)
2020-05-14 09:58:14,[192.168.11.2:53],google.com.sg,27,%!s(<nil>)
2020-05-14 09:58:14,[192.168.11.2:53],merdeka.com,31,%!s(<nil>)
2020-05-14 09:58:14,[192.168.11.2:53],redfin.com,30,%!s(<nil>)
2020-05-14 09:58:14,[192.168.11.2:53],brainly.com,36,%!s(<nil>)
2020-05-14 09:58:14,[192.168.11.2:53],house365.com,358,%!s(<nil>)
2020-05-14 09:58:15,[192.168.11.2:53],hollisterco.tmall.com,27,%!s(<nil>)
2020-05-14 09:58:15,[192.168.11.2:53],dangdang.com,368,%!s(<nil>)
2020-05-14 09:58:15,[192.168.11.2:53],akhbarelyom.com,30,%!s(<nil>)
2020-05-14 09:58:15,[192.168.11.2:53],ensonhaber.com,28,%!s(<nil>)
2020-05-14 09:58:15,[192.168.11.2:53],huim.com,396,%!s(<nil>)
2020-05-14 09:58:16,[192.168.11.2:53],arabi21.com,30,%!s(<nil>)
2020-05-14 09:58:16,[192.168.11.2:53],mirconnect.ru,93,%!s(<nil>)
2020-05-14 09:58:16,[192.168.11.2:53],eatthis.com,43,%!s(<nil>)
2020-05-14 09:58:16,[192.168.11.2:53],cfsbcn.com,361,%!s(<nil>)
2020-05-14 09:58:16,[192.168.11.2:53],deezer.com,27,%!s(<nil>)
2020-05-14 09:58:16,[192.168.11.2:53],fanlibang.com,362,%!s(<nil>)
2020-05-14 09:58:17,[192.168.11.2:53],reuters.com,25,%!s(<nil>)
2020-05-14 09:58:17,[192.168.11.2:53],teamviewer.com,27,%!s(<nil>)
2020-05-14 09:58:17,[192.168.11.2:53],creditonebank.com,26,%!s(<nil>)
2020-05-14 09:58:17,[192.168.11.2:53],wired.com,26,%!s(<nil>)
2020-05-14 09:58:17,[192.168.11.2:53],newsmth.net,237,%!s(<nil>)
2020-05-14 09:58:17,[192.168.11.2:53],zarinpal.com,39,%!s(<nil>)
2020-05-14 09:58:17,[192.168.11.2:53],dropbox.com,26,%!s(<nil>)
2020-05-14 09:58:17,[192.168.11.2:53],aastocks.com,206,%!s(<nil>)
2020-05-14 09:58:17,[192.168.11.2:53],360doc.com,41,%!s(<nil>)
2020-05-14 09:58:17,[192.168.11.2:53],cyol.com,319,%!s(<nil>)
2020-05-14 09:58:18,[192.168.11.2:53],tmall.com,27,%!s(<nil>)
2020-05-14 09:58:18,[192.168.11.2:53],dianping.com,27,%!s(<nil>)
2020-05-14 09:58:18,[192.168.11.2:53],lazada.com.my,28,%!s(<nil>)
2020-05-14 09:58:18,[192.168.11.2:53],airbnb.com,30,%!s(<nil>)
2020-05-14 09:58:18,[192.168.11.2:53],amazon.com.mx,26,%!s(<nil>)
2020-05-14 09:58:18,[192.168.11.2:53],docker.com,28,%!s(<nil>)
2020-05-14 09:58:18,[192.168.11.2:53],prezi.com,26,%!s(<nil>)
2020-05-14 09:58:18,[192.168.11.2:53],docusign.net,115,%!s(<nil>)
2020-05-14 09:58:18,[192.168.11.2:53],limetorrents.info,27,%!s(<nil>)
2020-05-14 09:58:18,[192.168.11.2:53],eastday.com,340,%!s(<nil>)
2020-05-14 09:58:18,[192.168.11.2:53],boohoo.com,27,%!s(<nil>)
2020-05-14 09:58:18,[192.168.11.2:53],oup.com,27,%!s(<nil>)
2020-05-14 09:58:18,[192.168.11.2:53],khaberni.com,28,%!s(<nil>)
2020-05-14 09:58:18,[192.168.11.2:53],lg.com,277,%!s(<nil>)
2020-05-14 09:58:19,[192.168.11.2:53],cda.pl,28,%!s(<nil>)
2020-05-14 09:58:19,[192.168.11.2:53],sonyentertainmentnetwork.com,117,%!s(<nil>)
2020-05-14 09:58:19,[192.168.11.2:53],yahoo.com,28,%!s(<nil>)
2020-05-14 09:58:19,[192.168.11.2:53],gucci.com,27,%!s(<nil>)
2020-05-14 09:58:19,[192.168.11.2:53],vecteezy.com,29,%!s(<nil>)
2020-05-14 09:58:19,[192.168.11.2:53],wellsfargo.com,25,%!s(<nil>)
2020-05-14 09:58:19,[192.168.11.2:53],tim.it,59,%!s(<nil>)
2020-05-14 09:58:19,[192.168.11.2:53],elmundo.es,71,%!s(<nil>)
2020-05-14 09:58:19,[192.168.11.2:53],emol.com,223,%!s(<nil>)
2020-05-14 09:58:19,[192.168.11.2:53],chinadaily.com.cn,397,%!s(<nil>)
2020-05-14 09:58:20,[192.168.11.2:53],pfrf.ru,26,%!s(<nil>)
2020-05-14 09:58:20,[192.168.11.2:53],itslearning.com,29,%!s(<nil>)
2020-05-14 09:58:20,[192.168.11.2:53],vklass.se,61,%!s(<nil>)
2020-05-14 09:58:20,[192.168.11.2:53],flaticon.com,1,%!s(<nil>)
2020-05-14 09:58:20,[192.168.11.2:53],cnblogs.com,330,%!s(<nil>)
2020-05-14 09:58:20,[192.168.11.2:53],rbcroyalbank.com,25,%!s(<nil>)
2020-05-14 09:58:20,[192.168.11.2:53],fastcompany.com,42,%!s(<nil>)
2020-05-14 09:58:20,[192.168.11.2:53],foodnetwork.com,33,%!s(<nil>)
2020-05-14 09:58:20,[192.168.11.2:53],gayboystube.com,28,%!s(<nil>)
2020-05-14 09:58:20,[192.168.11.2:53],ecollege.com,62,%!s(<nil>)
2020-05-14 09:58:20,[192.168.11.2:53],amazon.in,28,%!s(<nil>)
2020-05-14 09:58:20,[192.168.11.2:53],pornhub.com,27,%!s(<nil>)
2020-05-14 09:58:20,[192.168.11.2:53],xhamsterlive.com,27,%!s(<nil>)
2020-05-14 09:58:20,[192.168.11.2:53],dmm.co.jp,254,%!s(<nil>)
2020-05-14 09:58:21,[192.168.11.2:53],azureedge.net,26,%!s(<nil>)
2020-05-14 09:58:21,[192.168.11.2:53],streamyard.com,37,%!s(<nil>)
2020-05-14 09:58:21,[192.168.11.2:53],cabbeen.tmall.com,27,%!s(<nil>)
2020-05-14 09:58:21,[192.168.11.2:53],mail.ru,26,%!s(<nil>)
2020-05-14 09:58:21,[192.168.11.2:53],lentainform.com,27,%!s(<nil>)
2020-05-14 09:58:21,[192.168.11.2:53],langsha.tmall.com,172,%!s(<nil>)
2020-05-14 09:58:21,[192.168.11.2:53],google.lk,26,%!s(<nil>)
2020-05-14 09:58:21,[192.168.11.2:53],sarkariresult.com,0,%!s(<nil>)
2020-05-14 09:58:21,[192.168.11.2:53],bashgah.com,322,%!s(<nil>)
2020-05-14 09:58:21,[192.168.11.2:53],virtual.edu.az,1,%!s(<nil>)
2020-05-14 09:58:21,[192.168.11.2:53],powerbi.com,2029,%!s(<nil>)
2020-05-14 09:58:23,[192.168.11.2:53],wildberries.ru,74,%!s(<nil>)
2020-05-14 09:58:23,[192.168.11.2:53],successfactors.eu,106,%!s(<nil>)
2020-05-14 09:58:24,[192.168.11.2:53],4chan.org,29,%!s(<nil>)
2020-05-14 09:58:24,[192.168.11.2:53],discordapp.com,26,%!s(<nil>)
2020-05-14 09:58:24,[192.168.11.2:53],stockx.com,27,%!s(<nil>)
2020-05-14 09:58:24,[192.168.11.2:53],dantri.com.vn,505,%!s(<nil>)
2020-05-14 09:58:24,[192.168.11.2:53],postlnk.com,26,%!s(<nil>)
2020-05-14 09:58:24,[192.168.11.2:53],tampermonkey.net,26,%!s(<nil>)
2020-05-14 09:58:24,[192.168.11.2:53],figma.com,2,%!s(<nil>)
2020-05-14 09:58:24,[192.168.11.2:53],inss.gov.br,243,%!s(<nil>)
2020-05-14 09:58:24,[192.168.11.2:53],cryptobrowser.site,26,%!s(<nil>)
2020-05-14 09:58:24,[192.168.11.2:53],17ok.com,337,%!s(<nil>)
2020-05-14 09:58:25,[192.168.11.2:53],payu.in,25,%!s(<nil>)
2020-05-14 09:58:25,[192.168.11.2:53],khaberni.com,0,%!s(<nil>)
2020-05-14 09:58:25,[192.168.11.2:53],mercadolibre.com,26,%!s(<nil>)
2020-05-14 09:58:25,[192.168.11.2:53],gmanetwork.com,26,%!s(<nil>)
2020-05-14 09:58:25,[192.168.11.2:53],loom.com,26,%!s(<nil>)
2020-05-14 09:58:25,[192.168.11.2:53],drom.ru,26,%!s(<nil>)
2020-05-14 09:58:25,[192.168.11.2:53],westernjournal.com,28,%!s(<nil>)
2020-05-14 09:58:25,[192.168.11.2:53],bilibili.com,350,%!s(<nil>)
2020-05-14 09:58:25,[192.168.11.2:53],samplicio.us,28,%!s(<nil>)
2020-05-14 09:58:25,[192.168.11.2:53],hulu.com,26,%!s(<nil>)
2020-05-14 09:58:25,[192.168.11.2:53],66cruises.com,346,%!s(<nil>)
2020-05-14 09:58:26,[192.168.11.2:53],kr8gqjtnos3y.com,170,%!s(<nil>)
2020-05-14 09:58:26,[192.168.11.2:53],rozetka.com.ua,36,%!s(<nil>)
2020-05-14 09:58:26,[192.168.11.2:53],tradingview.com,26,%!s(<nil>)
2020-05-14 09:58:26,[192.168.11.2:53],vlive.tv,167,%!s(<nil>)
2020-05-14 09:58:26,[192.168.11.2:53],flightradar24.com,29,%!s(<nil>)
2020-05-14 09:58:26,[192.168.11.2:53],stocktwits.com,27,%!s(<nil>)
2020-05-14 09:58:26,[192.168.11.2:53],reverso.net,35,%!s(<nil>)
2020-05-14 09:58:26,[192.168.11.2:53],tirto.id,27,%!s(<nil>)
2020-05-14 09:58:26,[192.168.11.2:53],cuevana3.io,27,%!s(<nil>)
2020-05-14 09:58:26,[192.168.11.2:53],donga.com,294,%!s(<nil>)
2020-05-14 09:58:27,[192.168.11.2:53],google.lk,1,%!s(<nil>)
2020-05-14 09:58:27,[192.168.11.2:53],ea.com,27,%!s(<nil>)
2020-05-14 09:58:27,[192.168.11.2:53],namasha.com,175,%!s(<nil>)
2020-05-14 09:58:27,[192.168.11.2:53],vidio.com,42,%!s(<nil>)
2020-05-14 09:58:27,[192.168.11.2:53],itau.com.br,27,%!s(<nil>)
2020-05-14 09:58:27,[192.168.11.2:53],nypost.com,26,%!s(<nil>)
2020-05-14 09:58:27,[192.168.11.2:53],chess.com,25,%!s(<nil>)
2020-05-14 09:58:27,[192.168.11.2:53],clips4sale.com,27,%!s(<nil>)
2020-05-14 09:58:27,[192.168.11.2:53],avaz.ba,28,%!s(<nil>)
2020-05-14 09:58:27,[192.168.11.2:53],bd-pratidin.com,29,%!s(<nil>)
2020-05-14 09:58:27,[192.168.11.2:53],noon.com,118,%!s(<nil>)
2020-05-14 09:58:27,[192.168.11.2:53],java.com,25,%!s(<nil>)
2020-05-14 09:58:27,[192.168.11.2:53],resellerclub.com,29,%!s(<nil>)
2020-05-14 09:58:27,[192.168.11.2:53],threegun.tmall.com,355,%!s(<nil>)
2020-05-14 09:58:28,[192.168.11.2:53],hollisterco.tmall.com,1,%!s(<nil>)
2020-05-14 09:58:28,[192.168.11.2:53],winshang.com,739,%!s(<nil>)
2020-05-14 09:58:28,[192.168.11.2:53],creditkarma.com,38,%!s(<nil>)
2020-05-14 09:58:28,[192.168.11.2:53],irs.gov,109,%!s(<nil>)
2020-05-14 09:58:28,[192.168.11.2:53],yahoo.com,1,%!s(<nil>)
2020-05-14 09:58:28,[192.168.11.2:53],olx.pl,29,%!s(<nil>)
2020-05-14 09:58:28,[192.168.11.2:53],bukalapak.com,2,%!s(<nil>)
2020-05-14 09:58:28,[192.168.11.2:53],accuweather.com,27,%!s(<nil>)
2020-05-14 09:58:28,[192.168.11.2:53],uidai.gov.in,26,%!s(<nil>)
2020-05-14 09:58:29,[192.168.11.2:53],amazon.co.jp,27,%!s(<nil>)
2020-05-14 09:58:29,[192.168.11.2:53],ibm.com,26,%!s(<nil>)
2020-05-14 09:58:29,[192.168.11.2:53],obsproject.com,28,%!s(<nil>)
2020-05-14 09:58:29,[192.168.11.2:53],lenovo.com,28,%!s(<nil>)
2020-05-14 09:58:29,[192.168.11.2:53],blogger.com,36,%!s(<nil>)
2020-05-14 09:58:29,[192.168.11.2:53],ssl-images-amazon.com,27,%!s(<nil>)
2020-05-14 09:58:29,[192.168.11.2:53],memurlar.net,50,%!s(<nil>)
2020-05-14 09:58:29,[192.168.11.2:53],home77.com,378,%!s(<nil>)
2020-05-14 09:58:29,[192.168.11.2:53],pandora.com,0,%!s(<nil>)
2020-05-14 09:58:29,[192.168.11.2:53],cfsbcn.com,0,%!s(<nil>)
2020-05-14 09:58:29,[192.168.11.2:53],tube8.com,25,%!s(<nil>)
2020-05-14 09:58:29,[192.168.11.2:53],tsichuan.com,389,%!s(<nil>)
2020-05-14 09:58:30,[192.168.11.2:53],fotor.com,40,%!s(<nil>)
2020-05-14 09:58:30,[192.168.11.2:53],itau.com.br,26,%!s(<nil>)
2020-05-14 09:58:30,[192.168.11.2:53],mirconnect.ru,1,%!s(<nil>)
2020-05-14 09:58:30,[192.168.11.2:53],tsetmc.com,118,%!s(<nil>)
2020-05-14 09:58:30,[192.168.11.2:53],abv.bg,26,%!s(<nil>)
2020-05-14 09:58:30,[192.168.11.2:53],kissanime.ru,25,%!s(<nil>)
2020-05-14 09:58:30,[192.168.11.2:53],auction.co.kr,26,%!s(<nil>)
2020-05-14 09:58:30,[192.168.11.2:53],abv.bg,1,%!s(<nil>)
2020-05-14 09:58:30,[192.168.11.2:53],abs-cbn.com,29,%!s(<nil>)
2020-05-14 09:58:30,[192.168.11.2:53],dpreview.com,27,%!s(<nil>)
2020-05-14 09:58:30,[192.168.11.2:53],reddit.com,27,%!s(<nil>)
2020-05-14 09:58:30,[192.168.11.2:53],thinkific.com,33,%!s(<nil>)
2020-05-14 09:58:30,[192.168.11.2:53],hao123.com,27,%!s(<nil>)
2020-05-14 09:58:30,[192.168.11.2:53],jw.org,114,%!s(<nil>)
2020-05-14 09:58:30,[192.168.11.2:53],mawdoo3.com,26,%!s(<nil>)
2020-05-14 09:58:30,[192.168.11.2:53],flipkart.com,27,%!s(<nil>)
2020-05-14 09:58:30,[192.168.11.2:53],leetcode.com,28,%!s(<nil>)
2020-05-14 09:58:30,[192.168.11.2:53],sehatq.com,36,%!s(<nil>)
2020-05-14 09:58:30,[192.168.11.2:53],fast.com,26,%!s(<nil>)
2020-05-14 09:58:30,[192.168.11.2:53],finviz.com,29,%!s(<nil>)
2020-05-14 09:58:30,[192.168.11.2:53],doubleclick.net,39,%!s(<nil>)
2020-05-14 09:58:30,[192.168.11.2:53],maniform.tmall.com,29,%!s(<nil>)
2020-05-14 09:58:30,[192.168.11.2:53],alarabiya.net,28,%!s(<nil>)
2020-05-14 09:58:30,[192.168.11.2:53],kinokrad.co,29,%!s(<nil>)
2020-05-14 09:58:30,[192.168.11.2:53],buzzfeed.com,29,%!s(<nil>)
2020-05-14 09:58:30,[192.168.11.2:53],sciencedirect.com,30,%!s(<nil>)
2020-05-14 09:58:30,[192.168.11.2:53],archiveofourown.org,26,%!s(<nil>)
2020-05-14 09:58:30,[192.168.11.2:53],newstracklive.com,308,%!s(<nil>)
2020-05-14 09:58:31,[192.168.11.2:53],daftsex.com,26,%!s(<nil>)
2020-05-14 09:58:31,[192.168.11.2:53],mama.cn,297,%!s(<nil>)
2020-05-14 09:58:31,[192.168.11.2:53],reuters.com,0,%!s(<nil>)
2020-05-14 09:58:31,[192.168.11.2:53],yodobashi.com,263,%!s(<nil>)
2020-05-14 09:58:31,[192.168.11.2:53],pikiran-rakyat.com,31,%!s(<nil>)
2020-05-14 09:58:31,[192.168.11.2:53],opensooq.com,28,%!s(<nil>)
2020-05-14 09:58:31,[192.168.11.2:53],mama.cn,1,%!s(<nil>)
2020-05-14 09:58:31,[192.168.11.2:53],wordhippo.com,27,%!s(<nil>)
2020-05-14 09:58:31,[192.168.11.2:53],sakshi.com,29,%!s(<nil>)
2020-05-14 09:58:32,[192.168.11.2:53],cda.pl,1,%!s(<nil>)
2020-05-14 09:58:32,[192.168.11.2:53],campograndenews.com.br,27,%!s(<nil>)
2020-05-14 09:58:32,[192.168.11.2:53],news18.com,26,%!s(<nil>)
2020-05-14 09:58:32,[192.168.11.2:53],avaz.ba,1,%!s(<nil>)
2020-05-14 09:58:32,[192.168.11.2:53],urfs.tmall.com,28,%!s(<nil>)
2020-05-14 09:58:32,[192.168.11.2:53],rockstargames.com,27,%!s(<nil>)
2020-05-14 09:58:32,[192.168.11.2:53],brainly.com,1,%!s(<nil>)
2020-05-14 09:58:32,[192.168.11.2:53],google.ch,26,%!s(<nil>)
2020-05-14 09:58:32,[192.168.11.2:53],marksandspencer.tmall.com,322,%!s(<nil>)
2020-05-14 09:58:32,[192.168.11.2:53],szu.edu.cn,705,%!s(<nil>)
2020-05-14 09:58:33,[192.168.11.2:53],car.tmall.com,215,%!s(<nil>)
2020-05-14 09:58:33,[192.168.11.2:53],mega-offer.xyz,148,%!s(<nil>)
2020-05-14 09:58:33,[192.168.11.2:53],haoyer.com,311,%!s(<nil>)
2020-05-14 09:58:33,[192.168.11.2:53],zalo.me,182,%!s(<nil>)
2020-05-14 09:58:34,[192.168.11.2:53],harvard.edu,100,%!s(<nil>)
2020-05-14 09:58:34,[192.168.11.2:53],pcpartpicker.com,27,%!s(<nil>)
2020-05-14 09:58:34,[192.168.11.2:53],google.com,0,%!s(<nil>)
2020-05-14 09:58:34,[192.168.11.2:53],politico.com,27,%!s(<nil>)
2020-05-14 09:58:34,[192.168.11.2:53],anjuke.com,350,%!s(<nil>)
2020-05-14 09:58:34,[192.168.11.2:53],iqiyi.com,263,%!s(<nil>)
2020-05-14 09:58:34,[192.168.11.2:53],gismeteo.ru,28,%!s(<nil>)
2020-05-14 09:58:34,[192.168.11.2:53],dbs.com.sg,27,%!s(<nil>)
2020-05-14 09:58:34,[192.168.11.2:53],teachable.com,30,%!s(<nil>)
2020-05-14 09:58:34,[192.168.11.2:53],jamnews.com,42,%!s(<nil>)
2020-05-14 09:58:34,[192.168.11.2:53],dhl.de,27,%!s(<nil>)
2020-05-14 09:58:35,[192.168.11.2:53],slack.com,27,%!s(<nil>)
2020-05-14 09:58:35,[192.168.11.2:53],geeksforgeeks.org,41,%!s(<nil>)
2020-05-14 09:58:35,[192.168.11.2:53],piliapp.com,29,%!s(<nil>)
2020-05-14 09:58:35,[192.168.11.2:53],faradars.org,26,%!s(<nil>)
2020-05-14 09:58:35,[192.168.11.2:53],bancoestado.cl,27,%!s(<nil>)
2020-05-14 09:58:35,[192.168.11.2:53],dcard.tw,302,%!s(<nil>)
2020-05-14 09:58:35,[192.168.11.2:53],investing.com,27,%!s(<nil>)
2020-05-14 09:58:35,[192.168.11.2:53],managebac.com,1,%!s(<nil>)
2020-05-14 09:58:35,[192.168.11.2:53],popbela.com,29,%!s(<nil>)
2020-05-14 09:58:35,[192.168.11.2:53],enamad.ir,25,%!s(<nil>)
2020-05-14 09:58:35,[192.168.11.2:53],bisnis.com,269,%!s(<nil>)
2020-05-14 09:58:35,[192.168.11.2:53],shopee.sg,41,%!s(<nil>)
2020-05-14 09:58:35,[192.168.11.2:53],walmart.ca,27,%!s(<nil>)
2020-05-14 09:58:35,[192.168.11.2:53],learningapps.org,26,%!s(<nil>)
2020-05-14 09:58:35,[192.168.11.2:53],consultant.ru,82,%!s(<nil>)
2020-05-14 09:58:36,[192.168.11.2:53],hp.com,28,%!s(<nil>)
2020-05-14 09:58:36,[192.168.11.2:53],bbc.co.uk,27,%!s(<nil>)
2020-05-14 09:58:36,[192.168.11.2:53],tokopedia.com,41,%!s(<nil>)
2020-05-14 09:58:36,[192.168.11.2:53],sbrf.ru,78,%!s(<nil>)
2020-05-14 09:58:36,[192.168.11.2:53],wordpress.org,27,%!s(<nil>)
2020-05-14 09:58:36,[192.168.11.2:53],insertlive.com,210,%!s(<nil>)
2020-05-14 09:58:36,[192.168.11.2:53],seznam.cz,58,%!s(<nil>)
2020-05-14 09:58:36,[192.168.11.2:53],zendesk.com,26,%!s(<nil>)
2020-05-14 09:58:36,[192.168.11.2:53],nvzhuang.tmall.com,215,%!s(<nil>)
2020-05-14 09:58:36,[192.168.11.2:53],noticias.uol.com.br,213,%!s(<nil>)
2020-05-14 09:58:36,[192.168.11.2:53],storage.googleapis.com,27,%!s(<nil>)
2020-05-14 09:58:36,[192.168.11.2:53],cdc.gov,1,%!s(<nil>)
2020-05-14 09:58:36,[192.168.11.2:53],google.co.il,27,%!s(<nil>)
2020-05-14 09:58:37,[192.168.11.2:53],laodong.vn,535,%!s(<nil>)
2020-05-14 09:58:37,[192.168.11.2:53],donga.com,0,%!s(<nil>)
2020-05-14 09:58:37,[192.168.11.2:53],123movies.la,28,%!s(<nil>)
2020-05-14 09:58:37,[192.168.11.2:53],echo.msk.ru,123,%!s(<nil>)
2020-05-14 09:58:37,[192.168.11.2:53],1337x.to,0,%!s(<nil>)
2020-05-14 09:58:37,[192.168.11.2:53],uniqlo.com,109,%!s(<nil>)
2020-05-14 09:58:37,[192.168.11.2:53],virtual.edu.az,8,%!s(<nil>)
2020-05-14 09:58:37,[192.168.11.2:53],exirbroker.com,28,%!s(<nil>)
2020-05-14 09:58:37,[192.168.11.2:53],impress.co.jp,40,%!s(<nil>)
2020-05-14 09:58:37,[192.168.11.2:53],albawabhnews.com,30,%!s(<nil>)
2020-05-14 09:58:37,[192.168.11.2:53],seesaw.me,41,%!s(<nil>)
2020-05-14 09:58:37,[192.168.11.2:53],tabnak.ir,27,%!s(<nil>)
2020-05-14 09:58:37,[192.168.11.2:53],google.fr,27,%!s(<nil>)
2020-05-14 09:58:38,[192.168.11.2:53],81.cn,1392,%!s(<nil>)
2020-05-14 09:58:39,[192.168.11.2:53],foxnews.com,28,%!s(<nil>)
2020-05-14 09:58:39,[192.168.11.2:53],in.gr,81,%!s(<nil>)
2020-05-14 09:58:39,[192.168.11.2:53],github.com,25,%!s(<nil>)
2020-05-14 09:58:39,[192.168.11.2:53],wiley.com,139,%!s(<nil>)
2020-05-14 09:58:39,[192.168.11.2:53],fedex.com,27,%!s(<nil>)
2020-05-14 09:58:39,[192.168.11.2:53],almubasher.com.sa,112,%!s(<nil>)
2020-05-14 09:58:39,[192.168.11.2:53],mixer.com,28,%!s(<nil>)
2020-05-14 09:58:39,[192.168.11.2:53],elmogaz.com,29,%!s(<nil>)
2020-05-14 09:58:39,[192.168.11.2:53],qafqazinfo.az,29,%!s(<nil>)
2020-05-14 09:58:39,[192.168.11.2:53],haberzamani.com,38,%!s(<nil>)
2020-05-14 09:58:39,[192.168.11.2:53],tomsguide.com,28,%!s(<nil>)
2020-05-14 09:58:39,[192.168.11.2:53],myshopify.com,28,%!s(<nil>)
2020-05-14 09:58:40,[192.168.11.2:53],ninisite.com,38,%!s(<nil>)
2020-05-14 09:58:40,[192.168.11.2:53],google.com.tw,26,%!s(<nil>)
2020-05-14 09:58:40,[192.168.11.2:53],manyvids.com,29,%!s(<nil>)
2020-05-14 09:58:40,[192.168.11.2:53],emalls.ir,39,%!s(<nil>)
2020-05-14 09:58:40,[192.168.11.2:53],campograndenews.com.br,1,%!s(<nil>)
2020-05-14 09:58:40,[192.168.11.2:53],yeniakit.com.tr,29,%!s(<nil>)
2020-05-14 09:58:40,[192.168.11.2:53],haberler.com,36,%!s(<nil>)
2020-05-14 09:58:40,[192.168.11.2:53],sfgate.com,177,%!s(<nil>)
2020-05-14 09:58:40,[192.168.11.2:53],javatpoint.com,32,%!s(<nil>)
2020-05-14 09:58:40,[192.168.11.2:53],force.com,27,%!s(<nil>)
2020-05-14 09:58:40,[192.168.11.2:53],sabah.com.tr,40,%!s(<nil>)
2020-05-14 09:58:40,[192.168.11.2:53],dstv.com,40,%!s(<nil>)
2020-05-14 09:58:40,[192.168.11.2:53],free.fr,25,%!s(<nil>)
2020-05-14 09:58:40,[192.168.11.2:53],sozcu.com.tr,34,%!s(<nil>)
2020-05-14 09:58:40,[192.168.11.2:53],pcmag.com,28,%!s(<nil>)
2020-05-14 09:58:40,[192.168.11.2:53],bd-pratidin.com,1,%!s(<nil>)
2020-05-14 09:58:40,[192.168.11.2:53],youth.cn,2367,%!s(<nil>)
2020-05-14 09:58:43,[192.168.11.2:53],motor1.com,27,%!s(<nil>)
2020-05-14 09:58:43,[192.168.11.2:53],360.com,27,%!s(<nil>)
2020-05-14 09:58:43,[192.168.11.2:53],kompas.tv,200,%!s(<nil>)
2020-05-14 09:58:43,[192.168.11.2:53],runoob.com,256,%!s(<nil>)
2020-05-14 09:58:43,[192.168.11.2:53],forms.gle,25,%!s(<nil>)
2020-05-14 09:58:43,[192.168.11.2:53],who.int,25,%!s(<nil>)
2020-05-14 09:58:43,[192.168.11.2:53],excite.co.jp,26,%!s(<nil>)
2020-05-14 09:58:43,[192.168.11.2:53],exirbroker.com,0,%!s(<nil>)
2020-05-14 09:58:43,[192.168.11.2:53],patch.com,32,%!s(<nil>)
2020-05-14 09:58:43,[192.168.11.2:53],globo.com,211,%!s(<nil>)
2020-05-14 09:58:43,[192.168.11.2:53],ted.com,27,%!s(<nil>)
2020-05-14 09:58:43,[192.168.11.2:53],yaklass.ru,30,%!s(<nil>)
2020-05-14 09:58:43,[192.168.11.2:53],bandcamp.com,27,%!s(<nil>)
2020-05-14 09:58:43,[192.168.11.2:53],szu.edu.cn,1,%!s(<nil>)
2020-05-14 09:58:43,[192.168.11.2:53],ucoz.ru,1,%!s(<nil>)
2020-05-14 09:58:43,[192.168.11.2:53],edx.org,27,%!s(<nil>)
2020-05-14 09:58:43,[192.168.11.2:53],obsproject.com,1,%!s(<nil>)
2020-05-14 09:58:43,[192.168.11.2:53],kundelik.kz,26,%!s(<nil>)
2020-05-14 09:58:44,[192.168.11.2:53],legit.ng,30,%!s(<nil>)
2020-05-14 09:58:44,[192.168.11.2:53],patreon.com,26,%!s(<nil>)
2020-05-14 09:58:44,[192.168.11.2:53],ameblo.jp,41,%!s(<nil>)
2020-05-14 09:58:44,[192.168.11.2:53],khtahmar.com,38,%!s(<nil>)
2020-05-14 09:58:44,[192.168.11.2:53],office365.com,27,%!s(<nil>)
2020-05-14 09:58:44,[192.168.11.2:53],huawei.com,268,%!s(<nil>)
2020-05-14 09:58:44,[192.168.11.2:53],tasnimnews.com,26,%!s(<nil>)
2020-05-14 09:58:44,[192.168.11.2:53],hoodsite.com,28,%!s(<nil>)
2020-05-14 09:58:44,[192.168.11.2:53],nicsorts-accarade.com,26,%!s(<nil>)
2020-05-14 09:58:44,[192.168.11.2:53],sberbank.ru,90,%!s(<nil>)
2020-05-14 09:58:44,[192.168.11.2:53],cnnic.cn,187,%!s(<nil>)
2020-05-14 09:58:44,[192.168.11.2:53],rokna.net,26,%!s(<nil>)
2020-05-14 09:58:44,[192.168.11.2:53],indiamart.com,41,%!s(<nil>)
2020-05-14 09:58:44,[192.168.11.2:53],kizlarsoruyor.com,29,%!s(<nil>)
2020-05-14 09:58:44,[192.168.11.2:53],itau.com.br,27,%!s(<nil>)
2020-05-14 09:58:44,[192.168.11.2:53],xuite.net,288,%!s(<nil>)
2020-05-14 09:58:45,[192.168.11.2:53],eee114.com,395,%!s(<nil>)
2020-05-14 09:58:45,[192.168.11.2:53],a8.net,26,%!s(<nil>)
2020-05-14 09:58:45,[192.168.11.2:53],narvar.com,26,%!s(<nil>)
2020-05-14 09:58:45,[192.168.11.2:53],genial.ly,34,%!s(<nil>)
2020-05-14 09:58:45,[192.168.11.2:53],deviantart.com,42,%!s(<nil>)
2020-05-14 09:58:45,[192.168.11.2:53],google.ae,26,%!s(<nil>)
2020-05-14 09:58:45,[192.168.11.2:53],noon.com,1,%!s(<nil>)
2020-05-14 09:58:45,[192.168.11.2:53],tatar.ru,27,%!s(<nil>)
2020-05-14 09:58:45,[192.168.11.2:53],jamnews.com,1,%!s(<nil>)
2020-05-14 09:58:45,[192.168.11.2:53],caf.fr,27,%!s(<nil>)
2020-05-14 09:58:45,[192.168.11.2:53],pcpartpicker.com,1,%!s(<nil>)
2020-05-14 09:58:45,[192.168.11.2:53],ninisite.com,1,%!s(<nil>)
2020-05-14 09:58:45,[192.168.11.2:53],pulzo.com,42,%!s(<nil>)
2020-05-14 09:58:45,[192.168.11.2:53],myworkday.com,28,%!s(<nil>)
2020-05-14 09:58:45,[192.168.11.2:53],720pizle.org,37,%!s(<nil>)
2020-05-14 09:58:45,[192.168.11.2:53],infomoney.com.br,27,%!s(<nil>)
2020-05-14 09:58:46,[192.168.11.2:53],mercadolivre.com,37,%!s(<nil>)
2020-05-14 09:58:46,[192.168.11.2:53],dailymail.co.uk,26,%!s(<nil>)
2020-05-14 09:58:46,[192.168.11.2:53],wiktionary.org,27,%!s(<nil>)
2020-05-14 09:58:46,[192.168.11.2:53],skype.com,27,%!s(<nil>)
2020-05-14 09:58:46,[192.168.11.2:53],jpmorganchase.com,29,%!s(<nil>)
2020-05-14 09:58:46,[192.168.11.2:53],msi.com,26,%!s(<nil>)
2020-05-14 09:58:46,[192.168.11.2:53],calculator.net,33,%!s(<nil>)
2020-05-14 09:58:46,[192.168.11.2:53],bestbuy.com,26,%!s(<nil>)
2020-05-14 09:58:46,[192.168.11.2:53],wayfair.com,27,%!s(<nil>)
2020-05-14 09:58:46,[192.168.11.2:53],auth0.com,35,%!s(<nil>)
2020-05-14 09:58:46,[192.168.11.2:53],mfisp.com,1525,%!s(<nil>)
2020-05-14 09:58:47,[192.168.11.2:53],listindiario.com,28,%!s(<nil>)
2020-05-14 09:58:47,[192.168.11.2:53],google.co.in,27,%!s(<nil>)
2020-05-14 09:58:47,[192.168.11.2:53],gds.it,27,%!s(<nil>)
2020-05-14 09:58:47,[192.168.11.2:53],nalog.ru,27,%!s(<nil>)
2020-05-14 09:58:47,[192.168.11.2:53],sf-express.com,40,%!s(<nil>)
2020-05-14 09:58:48,[192.168.11.2:53],vk.com,27,%!s(<nil>)
2020-05-14 09:58:48,[192.168.11.2:53],learningapps.org,1,%!s(<nil>)
2020-05-14 09:58:48,[192.168.11.2:53],china.com.cn,27,%!s(<nil>)
2020-05-14 09:58:48,[192.168.11.2:53],litres.ru,87,%!s(<nil>)
2020-05-14 09:58:48,[192.168.11.2:53],login.tmall.com,28,%!s(<nil>)
2020-05-14 09:58:48,[192.168.11.2:53],adobelogin.com,26,%!s(<nil>)
2020-05-14 09:58:48,[192.168.11.2:53],greenhouse.io,33,%!s(<nil>)
2020-05-14 09:58:48,[192.168.11.2:53],book.tmall.com,706,%!s(<nil>)
2020-05-14 09:58:48,[192.168.11.2:53],futurelearn.com,29,%!s(<nil>)
2020-05-14 09:58:48,[192.168.11.2:53],spankbang.com,27,%!s(<nil>)
2020-05-14 09:58:49,[192.168.11.2:53],pcpartpicker.com,1,%!s(<nil>)
2020-05-14 09:58:49,[192.168.11.2:53],sindonews.com,28,%!s(<nil>)
2020-05-14 09:58:49,[192.168.11.2:53],idnes.cz,56,%!s(<nil>)
2020-05-14 09:58:49,[192.168.11.2:53],cnbcindonesia.com,26,%!s(<nil>)
2020-05-14 09:58:49,[192.168.11.2:53],samsung.com,27,%!s(<nil>)
2020-05-14 09:58:49,[192.168.11.2:53],sina.cn,27,%!s(<nil>)
2020-05-14 09:58:49,[192.168.11.2:53],brainly.com.br,48,%!s(<nil>)
2020-05-14 09:58:49,[192.168.11.2:53],cryptobrowser.site,27,%!s(<nil>)
2020-05-14 09:58:49,[192.168.11.2:53],123rf.com,27,%!s(<nil>)
2020-05-14 09:58:49,[192.168.11.2:53],ebssw.kr,549,%!s(<nil>)
2020-05-14 09:58:49,[192.168.11.2:53],ebay.de,28,%!s(<nil>)
2020-05-14 09:58:49,[192.168.11.2:53],obsproject.com,1,%!s(<nil>)
2020-05-14 09:58:49,[192.168.11.2:53],home77.com,1,%!s(<nil>)
2020-05-14 09:58:49,[192.168.11.2:53],thepiratebay.org,27,%!s(<nil>)
2020-05-14 09:58:49,[192.168.11.2:53],telegraph.co.uk,30,%!s(<nil>)
2020-05-14 09:58:49,[192.168.11.2:53],myhome.tmall.com,28,%!s(<nil>)
2020-05-14 09:58:49,[192.168.11.2:53],minecraft.net,42,%!s(<nil>)
2020-05-14 09:58:50,[192.168.11.2:53],aizhan.com,1488,%!s(<nil>)
2020-05-14 09:58:51,[192.168.11.2:53],business.site,34,%!s(<nil>)
2020-05-14 09:58:51,[192.168.11.2:53],litres.ru,0,%!s(<nil>)
2020-05-14 09:58:51,[192.168.11.2:53],thinkific.com,0,%!s(<nil>)
2020-05-14 09:58:51,[192.168.11.2:53],jugantor.com,28,%!s(<nil>)
2020-05-14 09:58:51,[192.168.11.2:53],eastday.com,0,%!s(<nil>)
2020-05-14 09:58:51,[192.168.11.2:53],bicentenariobu.com,203,%!s(<nil>)
2020-05-14 09:58:51,[192.168.11.2:53],17track.net,322,%!s(<nil>)
2020-05-14 09:58:52,[192.168.11.2:53],bancoestado.cl,1,%!s(<nil>)
2020-05-14 09:58:52,[192.168.11.2:53],mixer.com,27,%!s(<nil>)
2020-05-14 09:58:52,[192.168.11.2:53],myanimelist.net,26,%!s(<nil>)
2020-05-14 09:58:52,[192.168.11.2:53],archiveofourown.org,1,%!s(<nil>)
2020-05-14 09:58:52,[192.168.11.2:53],google.com.hk,26,%!s(<nil>)
2020-05-14 09:58:52,[192.168.11.2:53],express.co.uk,28,%!s(<nil>)
2020-05-14 09:58:52,[192.168.11.2:53],crunchyroll.com,28,%!s(<nil>)
2020-05-14 09:58:52,[192.168.11.2:53],panda.tv,2243,%!s(<nil>)
2020-05-14 09:58:54,[192.168.11.2:53],accenture.com,48,%!s(<nil>)
2020-05-14 09:58:54,[192.168.11.2:53],youla.ru,25,%!s(<nil>)
2020-05-14 09:58:54,[192.168.11.2:53],lun.com,226,%!s(<nil>)
2020-05-14 09:58:54,[192.168.11.2:53],lazada.com.ph,28,%!s(<nil>)
2020-05-14 09:58:54,[192.168.11.2:53],intipseleb.com,38,%!s(<nil>)
2020-05-14 09:58:54,[192.168.11.2:53],linguee.com,40,%!s(<nil>)
2020-05-14 09:58:54,[192.168.11.2:53],cengage.com,158,%!s(<nil>)
2020-05-14 09:58:55,[192.168.11.2:53],cpic.com.cn,521,%!s(<nil>)
2020-05-14 09:58:55,[192.168.11.2:53],nate.com,26,%!s(<nil>)
2020-05-14 09:58:55,[192.168.11.2:53],suara.com,28,%!s(<nil>)
2020-05-14 09:58:55,[192.168.11.2:53],interia.pl,26,%!s(<nil>)
2020-05-14 09:58:55,[192.168.11.2:53],dailycaller.com,36,%!s(<nil>)
2020-05-14 09:58:55,[192.168.11.2:53],cofeed.com,372,%!s(<nil>)
2020-05-14 09:58:56,[192.168.11.2:53],noticias.uol.com.br,1,%!s(<nil>)
2020-05-14 09:58:56,[192.168.11.2:53],qafqazinfo.az,1,%!s(<nil>)
2020-05-14 09:58:56,[192.168.11.2:53],lanacion.com.ar,46,%!s(<nil>)
2020-05-14 09:58:56,[192.168.11.2:53],yahoo.com,1,%!s(<nil>)
2020-05-14 09:58:56,[192.168.11.2:53],education.com,35,%!s(<nil>)
2020-05-14 09:58:56,[192.168.11.2:53],flaticon.com,1,%!s(<nil>)
2020-05-14 09:58:56,[192.168.11.2:53],lapatilla.com,29,%!s(<nil>)
2020-05-14 09:58:56,[192.168.11.2:53],shopee.co.th,31,%!s(<nil>)
2020-05-14 09:58:56,[192.168.11.2:53],britishcouncil.org,27,%!s(<nil>)
2020-05-14 09:58:56,[192.168.11.2:53],uidai.gov.in,1233,%!s(<nil>)
2020-05-14 09:58:57,[192.168.11.2:53],google.gr,298,%!s(<nil>)
2020-05-14 09:58:57,[192.168.11.2:53],qoo10.sg,27,%!s(<nil>)
2020-05-14 09:58:57,[192.168.11.2:53],google.com.mx,26,%!s(<nil>)
2020-05-14 09:58:57,[192.168.11.2:53],koreastardaily.com,41,%!s(<nil>)
2020-05-14 09:58:57,[192.168.11.2:53],pinterest.es,46,%!s(<nil>)
2020-05-14 09:58:57,[192.168.11.2:53],ucoz.ru,1,%!s(<nil>)
2020-05-14 09:58:57,[192.168.11.2:53],amazonaws.com,38,%!s(<nil>)
2020-05-14 09:58:57,[192.168.11.2:53],indiatimes.com,32,%!s(<nil>)
2020-05-14 09:58:58,[192.168.11.2:53],iweihai.cn,832,%!s(<nil>)
2020-05-14 09:58:58,[192.168.11.2:53],bhaskar.com,29,%!s(<nil>)
2020-05-14 09:58:58,[192.168.11.2:53],alarab.com,27,%!s(<nil>)
2020-05-14 09:58:58,[192.168.11.2:53],mobalytics.gg,30,%!s(<nil>)
2020-05-14 09:58:58,[192.168.11.2:53],51.la,330,%!s(<nil>)
2020-05-14 09:58:59,[192.168.11.2:53],yandex.net,65,%!s(<nil>)
2020-05-14 09:58:59,[192.168.11.2:53],education.com,1,%!s(<nil>)
2020-05-14 09:58:59,[192.168.11.2:53],idntimes.com,37,%!s(<nil>)
2020-05-14 09:58:59,[192.168.11.2:53],discuss.com.hk,29,%!s(<nil>)
2020-05-14 09:58:59,[192.168.11.2:53],tap.az,162,%!s(<nil>)
2020-05-14 09:58:59,[192.168.11.2:53],orange.fr,26,%!s(<nil>)
2020-05-14 09:58:59,[192.168.11.2:53],britishcouncil.org,1,%!s(<nil>)
2020-05-14 09:58:59,[192.168.11.2:53],chase.com,26,%!s(<nil>)
2020-05-14 09:58:59,[192.168.11.2:53],tv9marathi.com,37,%!s(<nil>)
2020-05-14 09:58:59,[192.168.11.2:53],abc.es,26,%!s(<nil>)
2020-05-14 09:58:59,[192.168.11.2:53],newtalk.tw,299,%!s(<nil>)
2020-05-14 09:59:00,[192.168.11.2:53],skrill.com,27,%!s(<nil>)
2020-05-14 09:59:00,[192.168.11.2:53],informer.com,27,%!s(<nil>)
2020-05-14 09:59:00,[192.168.11.2:53],mosreg.ru,99,%!s(<nil>)
2020-05-14 09:59:00,[192.168.11.2:53],chaduo.com,165,%!s(<nil>)
2020-05-14 09:59:00,[192.168.11.2:53],edupage.org,0,%!s(<nil>)
2020-05-14 09:59:00,[192.168.11.2:53],force.com,28,%!s(<nil>)
2020-05-14 09:59:00,[192.168.11.2:53],oxu.az,28,%!s(<nil>)
2020-05-14 09:59:00,[192.168.11.2:53],milliyet.com.tr,42,%!s(<nil>)
2020-05-14 09:59:00,[192.168.11.2:53],japannetbank.co.jp,27,%!s(<nil>)
2020-05-14 09:59:00,[192.168.11.2:53],independent.co.uk,27,%!s(<nil>)
2020-05-14 09:59:00,[192.168.11.2:53],chinanetrank.com,756,%!s(<nil>)
2020-05-14 09:59:01,[192.168.11.2:53],ibicn.com,356,%!s(<nil>)
2020-05-14 09:59:01,[192.168.11.2:53],pandadoc.com,27,%!s(<nil>)
2020-05-14 09:59:01,[192.168.11.2:53],zerodha.com,26,%!s(<nil>)
2020-05-14 09:59:01,[192.168.11.2:53],brightside.me,26,%!s(<nil>)
2020-05-14 09:59:01,[192.168.11.2:53],weixinyunduan.com,27,%!s(<nil>)
2020-05-14 09:59:01,[192.168.11.2:53],jamnews.com,0,%!s(<nil>)
2020-05-14 09:59:01,[192.168.11.2:53],cra-arc.gc.ca,204,%!s(<nil>)
2020-05-14 09:59:01,[192.168.11.2:53],myntra.com,52,%!s(<nil>)
2020-05-14 09:59:01,[192.168.11.2:53],thoughtco.com,1,%!s(<nil>)
2020-05-14 09:59:01,[192.168.11.2:53],babytree.com,692,%!s(<nil>)
2020-05-14 09:59:02,[192.168.11.2:53],alnaharegypt.com,29,%!s(<nil>)
2020-05-14 09:59:02,[192.168.11.2:53],bet365.com,34,%!s(<nil>)
2020-05-14 09:59:02,[192.168.11.2:53],ltn.com.tw,40,%!s(<nil>)
2020-05-14 09:59:02,[192.168.11.2:53],mega-offer.xyz,1,%!s(<nil>)
2020-05-14 09:59:02,[192.168.11.2:53],zee5.com,26,%!s(<nil>)
2020-05-14 09:59:02,[192.168.11.2:53],aliexpress.ru,26,%!s(<nil>)
2020-05-14 09:59:02,[192.168.11.2:53],freecodecamp.org,27,%!s(<nil>)
2020-05-14 09:59:02,[192.168.11.2:53],wpbeginner.com,27,%!s(<nil>)
2020-05-14 09:59:02,[192.168.11.2:53],provincial.com,26,%!s(<nil>)
2020-05-14 09:59:02,[192.168.11.2:53],newstrend.news,30,%!s(<nil>)
2020-05-14 09:59:02,[192.168.11.2:53],typeform.com,28,%!s(<nil>)
2020-05-14 09:59:02,[192.168.11.2:53],linguee.com,1,%!s(<nil>)
2020-05-14 09:59:02,[192.168.11.2:53],tarafdari.com,128,%!s(<nil>)
2020-05-14 09:59:03,[192.168.11.2:53],jianshu.com,374,%!s(<nil>)
2020-05-14 09:59:03,[192.168.11.2:53],calvinklein.tmall.com,166,%!s(<nil>)
2020-05-14 09:59:03,[192.168.11.2:53],setn.com,32,%!s(<nil>)
2020-05-14 09:59:03,[192.168.11.2:53],elyamnelaraby.com,29,%!s(<nil>)
2020-05-14 09:59:03,[192.168.11.2:53],kotak.com,26,%!s(<nil>)
2020-05-14 09:59:03,[192.168.11.2:53],binance.com,27,%!s(<nil>)
2020-05-14 09:59:03,[192.168.11.2:53],pcpartpicker.com,1,%!s(<nil>)
2020-05-14 09:59:03,[192.168.11.2:53],samsclub.com,54,%!s(<nil>)
2020-05-14 09:59:03,[192.168.11.2:53],kickstarter.com,27,%!s(<nil>)
2020-05-14 09:59:03,[192.168.11.2:53],typingclub.com,43,%!s(<nil>)
2020-05-14 09:59:03,[192.168.11.2:53],laprensagrafica.com,35,%!s(<nil>)
2020-05-14 09:59:03,[192.168.11.2:53],douyu.com,311,%!s(<nil>)
2020-05-14 09:59:04,[192.168.11.2:53],imis.tmall.com,164,%!s(<nil>)
2020-05-14 09:59:04,[192.168.11.2:53],hasil.gov.my,201,%!s(<nil>)
2020-05-14 09:59:04,[192.168.11.2:53],pngtree.com,26,%!s(<nil>)
2020-05-14 09:59:04,[192.168.11.2:53],hootsuite.com,27,%!s(<nil>)
2020-05-14 09:59:04,[192.168.11.2:53],adoptapet.com,35,%!s(<nil>)
2020-05-14 09:59:04,[192.168.11.2:53],xvideos.com,27,%!s(<nil>)
2020-05-14 09:59:04,[192.168.11.2:53],kakao.com,0,%!s(<nil>)
2020-05-14 09:59:04,[192.168.11.2:53],icicibank.com,26,%!s(<nil>)
2020-05-14 09:59:04,[192.168.11.2:53],absher.sa,114,%!s(<nil>)
2020-05-14 09:59:04,[192.168.11.2:53],flightradar24.com,1,%!s(<nil>)
2020-05-14 09:59:04,[192.168.11.2:53],indiamart.com,1,%!s(<nil>)
2020-05-14 09:59:04,[192.168.11.2:53],r7.com,26,%!s(<nil>)
2020-05-14 09:59:04,[192.168.11.2:53],bleacherreport.com,27,%!s(<nil>)
2020-05-14 09:59:04,[192.168.11.2:53],biglobe.ne.jp,254,%!s(<nil>)
2020-05-14 09:59:05,[192.168.11.2:53],fudan.edu.cn,349,%!s(<nil>)
2020-05-14 09:59:05,[192.168.11.2:53],mckinsey.com,157,%!s(<nil>)
2020-05-14 09:59:05,[192.168.11.2:53],vox.com,26,%!s(<nil>)
2020-05-14 09:59:05,[192.168.11.2:53],myanimelist.net,31,%!s(<nil>)
2020-05-14 09:59:05,[192.168.11.2:53],indozone.id,220,%!s(<nil>)
2020-05-14 09:59:06,[192.168.11.2:53],popmama.com,1,%!s(<nil>)
2020-05-14 09:59:06,[192.168.11.2:53],ups.com,27,%!s(<nil>)
2020-05-14 09:59:06,[192.168.11.2:53],kalerkantho.com,30,%!s(<nil>)
2020-05-14 09:59:06,[192.168.11.2:53],blog.ir,26,%!s(<nil>)
2020-05-14 09:59:06,[192.168.11.2:53],cda.pl,1,%!s(<nil>)
2020-05-14 09:59:06,[192.168.11.2:53],dostor.org,29,%!s(<nil>)
2020-05-14 09:59:06,[192.168.11.2:53],google.co.id,37,%!s(<nil>)
2020-05-14 09:59:06,[192.168.11.2:53],shaparak.ir,130,%!s(<nil>)
2020-05-14 09:59:06,[192.168.11.2:53],noticias.uol.com.br,1,%!s(<nil>)
2020-05-14 09:59:06,[192.168.11.2:53],boc.cn,344,%!s(<nil>)
2020-05-14 09:59:06,[192.168.11.2:53],windows.net,33,%!s(<nil>)
2020-05-14 09:59:06,[192.168.11.2:53],robinhood.com,33,%!s(<nil>)
2020-05-14 09:59:06,[192.168.11.2:53],istockphoto.com,41,%!s(<nil>)
2020-05-14 09:59:06,[192.168.11.2:53],icloud.com,26,%!s(<nil>)
2020-05-14 09:59:06,[192.168.11.2:53],chinadaily.com.cn,1,%!s(<nil>)
2020-05-14 09:59:06,[192.168.11.2:53],ibb.co,26,%!s(<nil>)
2020-05-14 09:59:06,[192.168.11.2:53],kalerkantho.com,1,%!s(<nil>)
2020-05-14 09:59:06,[192.168.11.2:53],duba.com,1849,%!s(<nil>)
2020-05-14 09:59:08,[192.168.11.2:53],alsolta.net,36,%!s(<nil>)
2020-05-14 09:59:08,[192.168.11.2:53],obsproject.com,0,%!s(<nil>)
2020-05-14 09:59:08,[192.168.11.2:53],wpbeginner.com,0,%!s(<nil>)
2020-05-14 09:59:08,[192.168.11.2:53],irctc.co.in,26,%!s(<nil>)
2020-05-14 09:59:08,[192.168.11.2:53],shaparak.ir,0,%!s(<nil>)
2020-05-14 09:59:08,[192.168.11.2:53],elespanol.com,35,%!s(<nil>)
2020-05-14 09:59:08,[192.168.11.2:53],intel.com,26,%!s(<nil>)
2020-05-14 09:59:08,[192.168.11.2:53],onlinekhabar.com,26,%!s(<nil>)
2020-05-14 09:59:08,[192.168.11.2:53],brightside.me,1,%!s(<nil>)
2020-05-14 09:59:08,[192.168.11.2:53],freepik.com,26,%!s(<nil>)
2020-05-14 09:59:08,[192.168.11.2:53],antaranews.com,195,%!s(<nil>)
2020-05-14 09:59:09,[192.168.11.2:53],chinajsq.cn,1388,%!s(<nil>)
2020-05-14 09:59:10,[192.168.11.2:53],tabelog.com,347,%!s(<nil>)
2020-05-14 09:59:10,[192.168.11.2:53],eluniverso.com,28,%!s(<nil>)
2020-05-14 09:59:10,[192.168.11.2:53],dribbble.com,27,%!s(<nil>)
2020-05-14 09:59:10,[192.168.11.2:53],microsoftstream.com,26,%!s(<nil>)
2020-05-14 09:59:10,[192.168.11.2:53],scribd.com,28,%!s(<nil>)
2020-05-14 09:59:10,[192.168.11.2:53],104.com.tw,27,%!s(<nil>)
2020-05-14 09:59:10,[192.168.11.2:53],chatwork.com,27,%!s(<nil>)
2020-05-14 09:59:10,[192.168.11.2:53],steamcommunity.com,26,%!s(<nil>)
2020-05-14 09:59:11,[192.168.11.2:53],strava.com,28,%!s(<nil>)
2020-05-14 09:59:11,[192.168.11.2:53],nordstromrack.com,28,%!s(<nil>)
2020-05-14 09:59:11,[192.168.11.2:53],bankmellat.ir,28,%!s(<nil>)
2020-05-14 09:59:11,[192.168.11.2:53],cnbc.com,27,%!s(<nil>)
2020-05-14 09:59:11,[192.168.11.2:53],sdownload.net,26,%!s(<nil>)
2020-05-14 09:59:11,[192.168.11.2:53],etsy.com,28,%!s(<nil>)
2020-05-14 09:59:11,[192.168.11.2:53],jackjones.tmall.com,28,%!s(<nil>)
2020-05-14 09:59:11,[192.168.11.2:53],cutestat.com,28,%!s(<nil>)
2020-05-14 09:59:11,[192.168.11.2:53],samanese.ir,25,%!s(<nil>)
2020-05-14 09:59:11,[192.168.11.2:53],winshang.com,1,%!s(<nil>)
2020-05-14 09:59:11,[192.168.11.2:53],semanticscholar.org,26,%!s(<nil>)
2020-05-14 09:59:11,[192.168.11.2:53],azureedge.net,26,%!s(<nil>)
2020-05-14 09:59:11,[192.168.11.2:53],nsw.gov.au,411,%!s(<nil>)
2020-05-14 09:59:11,[192.168.11.2:53],wattpad.com,28,%!s(<nil>)
2020-05-14 09:59:11,[192.168.11.2:53],mbc.net,28,%!s(<nil>)
2020-05-14 09:59:11,[192.168.11.2:53],donanimhaber.com,27,%!s(<nil>)
2020-05-14 09:59:11,[192.168.11.2:53],kalerkantho.com,1,%!s(<nil>)
2020-05-14 09:59:11,[192.168.11.2:53],lichess.org,26,%!s(<nil>)
2020-05-14 09:59:11,[192.168.11.2:53],online-convert.com,34,%!s(<nil>)
2020-05-14 09:59:11,[192.168.11.2:53],welt.de,26,%!s(<nil>)
2020-05-14 09:59:11,[192.168.11.2:53],redbubble.com,27,%!s(<nil>)
2020-05-14 09:59:11,[192.168.11.2:53],sapo.pt,26,%!s(<nil>)
2020-05-14 09:59:11,[192.168.11.2:53],goodhousekeeping.com,35,%!s(<nil>)
2020-05-14 09:59:12,[192.168.11.2:53],rsalcau.com,27,%!s(<nil>)
2020-05-14 09:59:12,[192.168.11.2:53],wixsite.com,34,%!s(<nil>)
2020-05-14 09:59:12,[192.168.11.2:53],bmo.com,27,%!s(<nil>)
2020-05-14 09:59:12,[192.168.11.2:53],proiezionidiborsa.it,26,%!s(<nil>)
2020-05-14 09:59:12,[192.168.11.2:53],hostgator.com.br,29,%!s(<nil>)
2020-05-14 09:59:12,[192.168.11.2:53],riotgames.com,157,%!s(<nil>)
2020-05-14 09:59:12,[192.168.11.2:53],cryptobrowser.site,26,%!s(<nil>)
2020-05-14 09:59:12,[192.168.11.2:53],studopedia.ru,139,%!s(<nil>)
2020-05-14 09:59:12,[192.168.11.2:53],sourceforge.net,25,%!s(<nil>)
2020-05-14 09:59:12,[192.168.11.2:53],home77.com,0,%!s(<nil>)
2020-05-14 09:59:12,[192.168.11.2:53],vnexpress.net,25,%!s(<nil>)
2020-05-14 09:59:12,[192.168.11.2:53],ikea.com,25,%!s(<nil>)
2020-05-14 09:59:12,[192.168.11.2:53],quizlet.com,27,%!s(<nil>)
2020-05-14 09:59:12,[192.168.11.2:53],discuss.com.hk,0,%!s(<nil>)
2020-05-14 09:59:12,[192.168.11.2:53],canva.com,28,%!s(<nil>)
2020-05-14 09:59:12,[192.168.11.2:53],kaskus.co.id,284,%!s(<nil>)
2020-05-14 09:59:12,[192.168.11.2:53],boc.cn,1,%!s(<nil>)
2020-05-14 09:59:12,[192.168.11.2:53],zalo.me,1,%!s(<nil>)
2020-05-14 09:59:12,[192.168.11.2:53],graphicriver.net,26,%!s(<nil>)
2020-05-14 09:59:12,[192.168.11.2:53],archdaily.com,30,%!s(<nil>)
2020-05-14 09:59:12,[192.168.11.2:53],lenovo.com,27,%!s(<nil>)
2020-05-14 09:59:13,[192.168.11.2:53],nexon.com,28,%!s(<nil>)
2020-05-14 09:59:13,[192.168.11.2:53],etrade.com,30,%!s(<nil>)
2020-05-14 09:59:13,[192.168.11.2:53],sephora.com,27,%!s(<nil>)
2020-05-14 09:59:13,[192.168.11.2:53],vanguardngr.com,28,%!s(<nil>)
2020-05-14 09:59:13,[192.168.11.2:53],wikimedia.org,26,%!s(<nil>)
2020-05-14 09:59:13,[192.168.11.2:53],japannetbank.co.jp,1,%!s(<nil>)
2020-05-14 09:59:13,[192.168.11.2:53],dictionary.com,27,%!s(<nil>)
2020-05-14 09:59:13,[192.168.11.2:53],playvalorant.com,28,%!s(<nil>)
2020-05-14 09:59:13,[192.168.11.2:53],capitalone.com,26,%!s(<nil>)
2020-05-14 09:59:13,[192.168.11.2:53],anchor.fm,26,%!s(<nil>)
2020-05-14 09:59:13,[192.168.11.2:53],amazon.com,26,%!s(<nil>)
2020-05-14 09:59:13,[192.168.11.2:53],bukalapak.com,36,%!s(<nil>)
2020-05-14 09:59:13,[192.168.11.2:53],vseigru.net,26,%!s(<nil>)
2020-05-14 09:59:13,[192.168.11.2:53],saude.gov.br,26,%!s(<nil>)
2020-05-14 09:59:13,[192.168.11.2:53],samanese.ir,0,%!s(<nil>)
2020-05-14 09:59:13,[192.168.11.2:53],dream.co.id,40,%!s(<nil>)
2020-05-14 09:59:13,[192.168.11.2:53],tianya.cn,339,%!s(<nil>)
2020-05-14 09:59:13,[192.168.11.2:53],lazada.sg,316,%!s(<nil>)
2020-05-14 09:59:14,[192.168.11.2:53],yelp.com,27,%!s(<nil>)
2020-05-14 09:59:14,[192.168.11.2:53],tagesschau.de,41,%!s(<nil>)
2020-05-14 09:59:14,[192.168.11.2:53],forbes.com,29,%!s(<nil>)
2020-05-14 09:59:14,[192.168.11.2:53],warriorplus.com,29,%!s(<nil>)
2020-05-14 09:59:14,[192.168.11.2:53],cfsbcn.com,1,%!s(<nil>)
2020-05-14 09:59:14,[192.168.11.2:53],amazon.it,28,%!s(<nil>)
2020-05-14 09:59:14,[192.168.11.2:53],fazenda.gov.br,25,%!s(<nil>)
2020-05-14 09:59:14,[192.168.11.2:53],isna.ir,65,%!s(<nil>)
2020-05-14 09:59:14,[192.168.11.2:53],albawabhnews.com,0,%!s(<nil>)
2020-05-14 09:59:14,[192.168.11.2:53],dhgate.com,32,%!s(<nil>)
2020-05-14 09:59:14,[192.168.11.2:53],filmix.co,30,%!s(<nil>)
2020-05-14 09:59:14,[192.168.11.2:53],stanford.edu,35,%!s(<nil>)
2020-05-14 09:59:14,[192.168.11.2:53],nike.tmall.com,28,%!s(<nil>)
2020-05-14 09:59:14,[192.168.11.2:53],ku.tmall.com,239,%!s(<nil>)
2020-05-14 09:59:14,[192.168.11.2:53],oneindia.com,27,%!s(<nil>)
2020-05-14 09:59:14,[192.168.11.2:53],9lianmeng.com,354,%!s(<nil>)
2020-05-14 09:59:15,[192.168.11.2:53],vidio.com,1,%!s(<nil>)
2020-05-14 09:59:15,[192.168.11.2:53],google.dz,26,%!s(<nil>)
2020-05-14 09:59:15,[192.168.11.2:53],tempo.co,27,%!s(<nil>)
2020-05-14 09:59:15,[192.168.11.2:53],youku.com,731,%!s(<nil>)
2020-05-14 09:59:15,[192.168.11.2:53],github.com,28,%!s(<nil>)
2020-05-14 09:59:15,[192.168.11.2:53],scotiabank.com,26,%!s(<nil>)
2020-05-14 09:59:15,[192.168.11.2:53],vivo.sx,59,%!s(<nil>)
2020-05-14 09:59:16,[192.168.11.2:53],cra-arc.gc.ca,1,%!s(<nil>)
2020-05-14 09:59:16,[192.168.11.2:53],anjuke.com,1,%!s(<nil>)
2020-05-14 09:59:16,[192.168.11.2:53],www.gob.mx,117,%!s(<nil>)
2020-05-14 09:59:16,[192.168.11.2:53],espn.com,30,%!s(<nil>)
2020-05-14 09:59:16,[192.168.11.2:53],smartschool.be,36,%!s(<nil>)
2020-05-14 09:59:16,[192.168.11.2:53],chinanetrank.com,1,%!s(<nil>)
2020-05-14 09:59:16,[192.168.11.2:53],envato.com,26,%!s(<nil>)
2020-05-14 09:59:16,[192.168.11.2:53],google.com.ph,26,%!s(<nil>)
2020-05-14 09:59:16,[192.168.11.2:53],slideshare.net,27,%!s(<nil>)
2020-05-14 09:59:16,[192.168.11.2:53],wowhead.com,26,%!s(<nil>)
2020-05-14 09:59:16,[192.168.11.2:53],popads.net,28,%!s(<nil>)
2020-05-14 09:59:16,[192.168.11.2:53],minuto30.com,28,%!s(<nil>)
2020-05-14 09:59:16,[192.168.11.2:53],live.net,42,%!s(<nil>)
2020-05-14 09:59:16,[192.168.11.2:53],trulia.com,28,%!s(<nil>)
2020-05-14 09:59:16,[192.168.11.2:53],feedly.com,28,%!s(<nil>)
2020-05-14 09:59:16,[192.168.11.2:53],cdiscount.com,26,%!s(<nil>)
2020-05-14 09:59:16,[192.168.11.2:53],bitly.com,25,%!s(<nil>)
2020-05-14 09:59:16,[192.168.11.2:53],wp.pl,25,%!s(<nil>)
2020-05-14 09:59:16,[192.168.11.2:53],mercadolibre.com.mx,35,%!s(<nil>)
2020-05-14 09:59:16,[192.168.11.2:53],u.gg,33,%!s(<nil>)
2020-05-14 09:59:16,[192.168.11.2:53],las2orillas.co,29,%!s(<nil>)
2020-05-14 09:59:16,[192.168.11.2:53],subscene.com,25,%!s(<nil>)
2020-05-14 09:59:16,[192.168.11.2:53],elyamnelaraby.com,0,%!s(<nil>)
2020-05-14 09:59:16,[192.168.11.2:53],popads.net,1,%!s(<nil>)
2020-05-14 09:59:16,[192.168.11.2:53],kp.ru,28,%!s(<nil>)
2020-05-14 09:59:16,[192.168.11.2:53],hbr.org,42,%!s(<nil>)
2020-05-14 09:59:16,[192.168.11.2:53],shopee.sg,1,%!s(<nil>)
2020-05-14 09:59:16,[192.168.11.2:53],icicibank.com,1,%!s(<nil>)
2020-05-14 09:59:16,[192.168.11.2:53],samanese.ir,1,%!s(<nil>)
2020-05-14 09:59:16,[192.168.11.2:53],pixlr.com,28,%!s(<nil>)
2020-05-14 09:59:16,[192.168.11.2:53],hk01.com,30,%!s(<nil>)
2020-05-14 09:59:16,[192.168.11.2:53],vox.com,1,%!s(<nil>)
2020-05-14 09:59:16,[192.168.11.2:53],rotumal.com,37,%!s(<nil>)
2020-05-14 09:59:16,[192.168.11.2:53],telugustop.com,30,%!s(<nil>)
2020-05-14 09:59:16,[192.168.11.2:53],mercadolivre.com,1,%!s(<nil>)
2020-05-14 09:59:16,[192.168.11.2:53],indeed.com,26,%!s(<nil>)
2020-05-14 09:59:16,[192.168.11.2:53],www.gob.mx,1,%!s(<nil>)
2020-05-14 09:59:16,[192.168.11.2:53],elsevier.com,27,%!s(<nil>)
2020-05-14 09:59:16,[192.168.11.2:53],oschina.net,665,%!s(<nil>)
2020-05-14 09:59:17,[192.168.11.2:53],akhbarelyom.com,60,%!s(<nil>)
2020-05-14 09:59:17,[192.168.11.2:53],xhamster.com,26,%!s(<nil>)
2020-05-14 09:59:17,[192.168.11.2:53],ebay.ca,27,%!s(<nil>)
2020-05-14 09:59:17,[192.168.11.2:53],hamariweb.com,28,%!s(<nil>)
2020-05-14 09:59:17,[192.168.11.2:53],criteo.com,26,%!s(<nil>)
2020-05-14 09:59:17,[192.168.11.2:53],mixer.com,27,%!s(<nil>)
2020-05-14 09:59:17,[192.168.11.2:53],strava.com,1,%!s(<nil>)
2020-05-14 09:59:17,[192.168.11.2:53],bb.com.br,27,%!s(<nil>)
2020-05-14 09:59:17,[192.168.11.2:53],thesaurus.com,27,%!s(<nil>)
2020-05-14 09:59:17,[192.168.11.2:53],westernjournal.com,1,%!s(<nil>)
2020-05-14 09:59:17,[192.168.11.2:53],eksisozluk.com,29,%!s(<nil>)
2020-05-14 09:59:17,[192.168.11.2:53],eyny.com,30,%!s(<nil>)
2020-05-14 09:59:17,[192.168.11.2:53],hoodsite.com,1,%!s(<nil>)
2020-05-14 09:59:17,[192.168.11.2:53],isna.ir,1,%!s(<nil>)
2020-05-14 09:59:17,[192.168.11.2:53],royalbank.com,26,%!s(<nil>)
2020-05-14 09:59:18,[192.168.11.2:53],naukri.com,27,%!s(<nil>)
2020-05-14 09:59:18,[192.168.11.2:53],chosun.com,34,%!s(<nil>)
2020-05-14 09:59:18,[192.168.11.2:53],onlinesbi.com,27,%!s(<nil>)
2020-05-14 09:59:18,[192.168.11.2:53],shomanews.com,27,%!s(<nil>)
2020-05-14 09:59:18,[192.168.11.2:53],norton.com,27,%!s(<nil>)
2020-05-14 09:59:18,[192.168.11.2:53],managebac.com,1,%!s(<nil>)
2020-05-14 09:59:18,[192.168.11.2:53],2gis.ru,34,%!s(<nil>)
2020-05-14 09:59:18,[192.168.11.2:53],otto.de,158,%!s(<nil>)
2020-05-14 09:59:18,[192.168.11.2:53],uptobox.com,26,%!s(<nil>)
2020-05-14 09:59:18,[192.168.11.2:53],dcard.tw,1,%!s(<nil>)
2020-05-14 09:59:18,[192.168.11.2:53],lifewire.com,33,%!s(<nil>)
2020-05-14 09:59:18,[192.168.11.2:53],digikala.com,25,%!s(<nil>)
2020-05-14 09:59:18,[192.168.11.2:53],users.wix.com,27,%!s(<nil>)
2020-05-14 09:59:18,[192.168.11.2:53],friv.com,25,%!s(<nil>)
2020-05-14 09:59:18,[192.168.11.2:53],digiato.com,38,%!s(<nil>)
2020-05-14 09:59:18,[192.168.11.2:53],discuss.com.hk,1,%!s(<nil>)
2020-05-14 09:59:18,[192.168.11.2:53],alodokter.com,60,%!s(<nil>)
2020-05-14 09:59:18,[192.168.11.2:53],walmart.ca,0,%!s(<nil>)
2020-05-14 09:59:18,[192.168.11.2:53],smm.cn,343,%!s(<nil>)
2020-05-14 09:59:18,[192.168.11.2:53],qoo10.sg,1,%!s(<nil>)
2020-05-14 09:59:18,[192.168.11.2:53],andhrajyothy.com,29,%!s(<nil>)
2020-05-14 09:59:18,[192.168.11.2:53],kissasian.sh,28,%!s(<nil>)
2020-05-14 09:59:19,[192.168.11.2:53],tmz.com,29,%!s(<nil>)
2020-05-14 09:59:19,[192.168.11.2:53],jugantor.com,1,%!s(<nil>)
2020-05-14 09:59:19,[192.168.11.2:53],xgo.com.cn,2505,%!s(<nil>)
2020-05-14 09:59:21,[192.168.11.2:53],ghanaweb.com,26,%!s(<nil>)
2020-05-14 09:59:21,[192.168.11.2:53],constantcontact.com,36,%!s(<nil>)
2020-05-14 09:59:21,[192.168.11.2:53],icicibank.com,1,%!s(<nil>)
2020-05-14 09:59:21,[192.168.11.2:53],genial.ly,1,%!s(<nil>)
2020-05-14 09:59:21,[192.168.11.2:53],successfactors.com,43,%!s(<nil>)
2020-05-14 09:59:21,[192.168.11.2:53],piliapp.com,1,%!s(<nil>)
2020-05-14 09:59:21,[192.168.11.2:53],indiatoday.in,50,%!s(<nil>)
2020-05-14 09:59:21,[192.168.11.2:53],52pojie.cn,1481,%!s(<nil>)
2020-05-14 09:59:23,[192.168.11.2:53],managebac.com,0,%!s(<nil>)
2020-05-14 09:59:23,[192.168.11.2:53],nasa.gov,164,%!s(<nil>)
2020-05-14 09:59:23,[192.168.11.2:53],lun.com,255,%!s(<nil>)
2020-05-14 09:59:23,[192.168.11.2:53],corriere.it,68,%!s(<nil>)
2020-05-14 09:59:23,[192.168.11.2:53],chinaswitch.com,26,%!s(<nil>)
2020-05-14 09:59:23,[192.168.11.2:53],wordreference.com,34,%!s(<nil>)
2020-05-14 09:59:23,[192.168.11.2:53],searchmes.xyz,28,%!s(<nil>)
2020-05-14 09:59:23,[192.168.11.2:53],amazon.in,27,%!s(<nil>)
2020-05-14 09:59:23,[192.168.11.2:53],amazon.com.mx,26,%!s(<nil>)
2020-05-14 09:59:23,[192.168.11.2:53],9978.cn,854,%!s(<nil>)
2020-05-14 09:59:24,[192.168.11.2:53],google.cn,25,%!s(<nil>)
2020-05-14 09:59:24,[192.168.11.2:53],matamata.com,42,%!s(<nil>)
2020-05-14 09:59:24,[192.168.11.2:53],rezka.ag,53,%!s(<nil>)
2020-05-14 09:59:24,[192.168.11.2:53],jumia.ma,41,%!s(<nil>)
2020-05-14 09:59:24,[192.168.11.2:53],ukr.net,45,%!s(<nil>)
2020-05-14 09:59:24,[192.168.11.2:53],grid.id,38,%!s(<nil>)
2020-05-14 09:59:24,[192.168.11.2:53],people.com,46,%!s(<nil>)
2020-05-14 09:59:25,[192.168.11.2:53],allrecipes.com,27,%!s(<nil>)
2020-05-14 09:59:25,[192.168.11.2:53],samplicio.us,26,%!s(<nil>)
2020-05-14 09:59:25,[192.168.11.2:53],usatoday.com,29,%!s(<nil>)
2020-05-14 09:59:25,[192.168.11.2:53],uidai.gov.in,1,%!s(<nil>)
2020-05-14 09:59:25,[192.168.11.2:53],state.gov,27,%!s(<nil>)
2020-05-14 09:59:25,[192.168.11.2:53],prezi.com,29,%!s(<nil>)
2020-05-14 09:59:25,[192.168.11.2:53],google.ch,1,%!s(<nil>)
2020-05-14 09:59:25,[192.168.11.2:53],edupage.org,1,%!s(<nil>)
2020-05-14 09:59:25,[192.168.11.2:53],capitalone.com,1,%!s(<nil>)
2020-05-14 09:59:25,[192.168.11.2:53],dailycaller.com,1,%!s(<nil>)
2020-05-14 09:59:25,[192.168.11.2:53],www.gob.pe,27,%!s(<nil>)
2020-05-14 09:59:25,[192.168.11.2:53],convertio.co,26,%!s(<nil>)
2020-05-14 09:59:25,[192.168.11.2:53],gotomeeting.com,179,%!s(<nil>)
2020-05-14 09:59:25,[192.168.11.2:53],lazada.co.th,293,%!s(<nil>)
2020-05-14 09:59:25,[192.168.11.2:53],nikkei.com,27,%!s(<nil>)
2020-05-14 09:59:25,[192.168.11.2:53],canadapost.ca,27,%!s(<nil>)
2020-05-14 09:59:25,[192.168.11.2:53],borna.news,25,%!s(<nil>)
2020-05-14 09:59:25,[192.168.11.2:53],sdownload.net,0,%!s(<nil>)
2020-05-14 09:59:25,[192.168.11.2:53],tasnimnews.com,0,%!s(<nil>)
2020-05-14 09:59:25,[192.168.11.2:53],financialexpress.com,26,%!s(<nil>)
2020-05-14 09:59:25,[192.168.11.2:53],caliente.mx,27,%!s(<nil>)
2020-05-14 09:59:25,[192.168.11.2:53],banesconline.com,27,%!s(<nil>)
2020-05-14 09:59:25,[192.168.11.2:53],sonhoo.com,1763,%!s(<nil>)
2020-05-14 09:59:27,[192.168.11.2:53],amazon.com.br,25,%!s(<nil>)
2020-05-14 09:59:27,[192.168.11.2:53],andhrajyothy.com,0,%!s(<nil>)
2020-05-14 09:59:27,[192.168.11.2:53],bastillepost.com,26,%!s(<nil>)
2020-05-14 09:59:27,[192.168.11.2:53],v2ex.com,26,%!s(<nil>)
2020-05-14 09:59:27,[192.168.11.2:53],fbsbx.com,26,%!s(<nil>)
2020-05-14 09:59:27,[192.168.11.2:53],mobile.de,26,%!s(<nil>)
2020-05-14 09:59:27,[192.168.11.2:53],kakao.com,0,%!s(<nil>)
2020-05-14 09:59:27,[192.168.11.2:53],iyiou.com,26,%!s(<nil>)
2020-05-14 09:59:27,[192.168.11.2:53],barnesandnoble.com,16,%!s(<nil>)
2020-05-14 09:59:27,[192.168.11.2:53],nate.com,1,%!s(<nil>)
2020-05-14 09:59:27,[192.168.11.2:53],byjus.com,27,%!s(<nil>)
2020-05-14 09:59:27,[192.168.11.2:53],medicalnewstoday.com,26,%!s(<nil>)
2020-05-14 09:59:27,[192.168.11.2:53],jumia.com.ng,42,%!s(<nil>)
2020-05-14 09:59:27,[192.168.11.2:53],alwakeelnews.com,27,%!s(<nil>)
2020-05-14 09:59:27,[192.168.11.2:53],dictionary.com,1,%!s(<nil>)
2020-05-14 09:59:27,[192.168.11.2:53],hotstar.com,27,%!s(<nil>)
2020-05-14 09:59:28,[192.168.11.2:53],dyson.tmall.com,27,%!s(<nil>)
2020-05-14 09:59:28,[192.168.11.2:53],yaklass.ru,1,%!s(<nil>)
2020-05-14 09:59:28,[192.168.11.2:53],2gis.ru,1,%!s(<nil>)
2020-05-14 09:59:28,[192.168.11.2:53],autohome.com.cn,27,%!s(<nil>)
2020-05-14 09:59:28,[192.168.11.2:53],savefrom.net,27,%!s(<nil>)
2020-05-14 09:59:28,[192.168.11.2:53],weather.gov,29,%!s(<nil>)
2020-05-14 09:59:28,[192.168.11.2:53],sap.com,26,%!s(<nil>)
2020-05-14 09:59:28,[192.168.11.2:53],google.com.sa,27,%!s(<nil>)
2020-05-14 09:59:28,[192.168.11.2:53],brainly.com,1,%!s(<nil>)
2020-05-14 09:59:28,[192.168.11.2:53],eghtesadonline.com,208,%!s(<nil>)
2020-05-14 09:59:28,[192.168.11.2:53],mercadolibre.com.mx,0,%!s(<nil>)
2020-05-14 09:59:28,[192.168.11.2:53],behance.net,27,%!s(<nil>)
2020-05-14 09:59:28,[192.168.11.2:53],aol.com,26,%!s(<nil>)
2020-05-14 09:59:28,[192.168.11.2:53],google.com.pk,35,%!s(<nil>)
2020-05-14 09:59:28,[192.168.11.2:53],internetdownloadmanager.com,127,%!s(<nil>)
2020-05-14 09:59:28,[192.168.11.2:53],nike.com,26,%!s(<nil>)
2020-05-14 09:59:28,[192.168.11.2:53],gtmetrix.com,25,%!s(<nil>)
2020-05-14 09:59:28,[192.168.11.2:53],ennaharonline.com,33,%!s(<nil>)
2020-05-14 09:59:28,[192.168.11.2:53],soft98.ir,26,%!s(<nil>)
2020-05-14 09:59:28,[192.168.11.2:53],nexon.com,0,%!s(<nil>)
2020-05-14 09:59:28,[192.168.11.2:53],okta.com,26,%!s(<nil>)
2020-05-14 09:59:28,[192.168.11.2:53],time.ir,25,%!s(<nil>)
2020-05-14 09:59:28,[192.168.11.2:53],state.tx.us,27,%!s(<nil>)
2020-05-14 09:59:28,[192.168.11.2:53],folha.uol.com.br,212,%!s(<nil>)
2020-05-14 09:59:29,[192.168.11.2:53],google.com.ly,25,%!s(<nil>)
2020-05-14 09:59:29,[192.168.11.2:53],ssense.com,31,%!s(<nil>)
2020-05-14 09:59:29,[192.168.11.2:53],get-express-vpn.com,42,%!s(<nil>)
2020-05-14 09:59:29,[192.168.11.2:53],haber7.com,26,%!s(<nil>)
2020-05-14 09:59:29,[192.168.11.2:53],rottentomatoes.com,41,%!s(<nil>)
2020-05-14 09:59:29,[192.168.11.2:53],google.com.ly,0,%!s(<nil>)
2020-05-14 09:59:29,[192.168.11.2:53],znds.com,373,%!s(<nil>)
2020-05-14 09:59:29,[192.168.11.2:53],express.co.uk,0,%!s(<nil>)
2020-05-14 09:59:29,[192.168.11.2:53],fc.lc,27,%!s(<nil>)
2020-05-14 09:59:29,[192.168.11.2:53],prom.ua,68,%!s(<nil>)
2020-05-14 09:59:29,[192.168.11.2:53],japannetbank.co.jp,0,%!s(<nil>)
2020-05-14 09:59:29,[192.168.11.2:53],daftsex.com,25,%!s(<nil>)
2020-05-14 09:59:29,[192.168.11.2:53],indiatoday.in,0,%!s(<nil>)
2020-05-14 09:59:29,[192.168.11.2:53],huffpost.com,27,%!s(<nil>)
2020-05-14 09:59:29,[192.168.11.2:53],emofid.com,25,%!s(<nil>)
2020-05-14 09:59:29,[192.168.11.2:53],google.it,25,%!s(<nil>)
2020-05-14 09:59:29,[192.168.11.2:53],drom.ru,28,%!s(<nil>)
2020-05-14 09:59:29,[192.168.11.2:53],iz.ru,82,%!s(<nil>)
2020-05-14 09:59:29,[192.168.11.2:53],lazada.com.ph,1,%!s(<nil>)
2020-05-14 09:59:29,[192.168.11.2:53],dstv.com,1,%!s(<nil>)
2020-05-14 09:59:29,[192.168.11.2:53],hawaaworld.com,28,%!s(<nil>)
2020-05-14 09:59:29,[192.168.11.2:53],futbin.com,30,%!s(<nil>)
2020-05-14 09:59:29,[192.168.11.2:53],britannica.com,27,%!s(<nil>)
2020-05-14 09:59:30,[192.168.11.2:53],lavanguardia.com,26,%!s(<nil>)
2020-05-14 09:59:30,[192.168.11.2:53],opensooq.com,26,%!s(<nil>)
2020-05-14 09:59:30,[192.168.11.2:53],xuite.net,1,%!s(<nil>)
2020-05-14 09:59:30,[192.168.11.2:53],banvenez.com,171,%!s(<nil>)
2020-05-14 09:59:30,[192.168.11.2:53],youdao.com,26,%!s(<nil>)
2020-05-14 09:59:30,[192.168.11.2:53],sakshi.com,36,%!s(<nil>)
2020-05-14 09:59:30,[192.168.11.2:53],elwatannews.com,29,%!s(<nil>)
2020-05-14 09:59:30,[192.168.11.2:53],bmo.com,34,%!s(<nil>)
2020-05-14 09:59:30,[192.168.11.2:53],opensooq.com,0,%!s(<nil>)
2020-05-14 09:59:30,[192.168.11.2:53],abril.com.br,34,%!s(<nil>)
2020-05-14 09:59:30,[192.168.11.2:53],myfitnesspal.com,41,%!s(<nil>)
2020-05-14 09:59:30,[192.168.11.2:53],canva.com,0,%!s(<nil>)
2020-05-14 09:59:30,[192.168.11.2:53],yaklass.ru,0,%!s(<nil>)
2020-05-14 09:59:30,[192.168.11.2:53],donanimhaber.com,0,%!s(<nil>)
2020-05-14 09:59:30,[192.168.11.2:53],sabah.com.tr,26,%!s(<nil>)
2020-05-14 09:59:30,[192.168.11.2:53],glassdoor.com,28,%!s(<nil>)
2020-05-14 09:59:30,[192.168.11.2:53],filehippo.com,35,%!s(<nil>)
2020-05-14 09:59:30,[192.168.11.2:53],mediamarkt.de,40,%!s(<nil>)
2020-05-14 09:59:30,[192.168.11.2:53],tci.ir,272,%!s(<nil>)
2020-05-14 09:59:30,[192.168.11.2:53],allegro.pl,26,%!s(<nil>)
2020-05-14 09:59:30,[192.168.11.2:53],jhu.edu,100,%!s(<nil>)
2020-05-14 09:59:30,[192.168.11.2:53],arcot.com,34,%!s(<nil>)
2020-05-14 09:59:31,[192.168.11.2:53],rotumal.com,1,%!s(<nil>)
2020-05-14 09:59:31,[192.168.11.2:53],duckduckgo.com,27,%!s(<nil>)
2020-05-14 09:59:31,[192.168.11.2:53],prom.ua,1,%!s(<nil>)
2020-05-14 09:59:31,[192.168.11.2:53],anses.gob.ar,26,%!s(<nil>)
2020-05-14 09:59:31,[192.168.11.2:53],fda.gov,123,%!s(<nil>)
2020-05-14 09:59:31,[192.168.11.2:53],setareparsi.com,120,%!s(<nil>)
2020-05-14 09:59:31,[192.168.11.2:53],doc88.com,194,%!s(<nil>)
2020-05-14 09:59:31,[192.168.11.2:53],thehill.com,43,%!s(<nil>)
2020-05-14 09:59:31,[192.168.11.2:53],issuu.com,27,%!s(<nil>)
2020-05-14 09:59:31,[192.168.11.2:53],ancestry.com,35,%!s(<nil>)
2020-05-14 09:59:31,[192.168.11.2:53],google.com.ua,26,%!s(<nil>)
2020-05-14 09:59:31,[192.168.11.2:53],fc2.com,40,%!s(<nil>)
2020-05-14 09:59:31,[192.168.11.2:53],faradars.org,29,%!s(<nil>)
2020-05-14 09:59:31,[192.168.11.2:53],thethao247.vn,28,%!s(<nil>)
2020-05-14 09:59:31,[192.168.11.2:53],memurlar.net,27,%!s(<nil>)
2020-05-14 09:59:31,[192.168.11.2:53],time.ir,0,%!s(<nil>)
2020-05-14 09:59:31,[192.168.11.2:53],idnes.cz,0,%!s(<nil>)
2020-05-14 09:59:31,[192.168.11.2:53],edmodo.com,42,%!s(<nil>)
2020-05-14 09:59:31,[192.168.11.2:53],quizlet.com,1,%!s(<nil>)
2020-05-14 09:59:31,[192.168.11.2:53],nyaa.si,26,%!s(<nil>)
2020-05-14 09:59:31,[192.168.11.2:53],hulu.com,25,%!s(<nil>)
2020-05-14 09:59:31,[192.168.11.2:53],lazada.com.ph,1,%!s(<nil>)
2020-05-14 09:59:31,[192.168.11.2:53],detail.tmall.com,333,%!s(<nil>)
2020-05-14 09:59:32,[192.168.11.2:53],yoox.com,26,%!s(<nil>)
2020-05-14 09:59:32,[192.168.11.2:53],fazenda.gov.br,1,%!s(<nil>)
2020-05-14 09:59:32,[192.168.11.2:53],51.la,328,%!s(<nil>)
2020-05-14 09:59:32,[192.168.11.2:53],ebay.fr,26,%!s(<nil>)
2020-05-14 09:59:32,[192.168.11.2:53],washingtonpost.com,39,%!s(<nil>)
2020-05-14 09:59:32,[192.168.11.2:53],magazineluiza.com.br,55,%!s(<nil>)
